tipo,slug_articolo,categoria,titolo_articolo,nome_file,percorso_finale,dimensioni,brief
"copertina","recupero-crediti-edilizia","Imprese","Come recuperare un credito da un cliente che non paga i lavori","recupero-crediti-edilizia-cover.jpg","public/images/guide/recupero-crediti-edilizia-cover.jpg","1600x900 (16:9)","Fascicolo di cantiere aperto sulla scrivania: contratto d'appalto, SAL controfirmati e fatture"
"interna","recupero-crediti-edilizia","Imprese","Come recuperare un credito da un cliente che non paga i lavori","recupero-crediti-edilizia-1.jpg","public/images/guide/recupero-crediti-edilizia-1.jpg","1600x900 (16:9)","Fascicolo di cantiere aperto sulla scrivania: contratto d'appalto, SAL controfirmati e fatture"
"interna","recupero-crediti-edilizia","Imprese","Come recuperare un credito da un cliente che non paga i lavori","recupero-crediti-edilizia-2.jpg","public/images/guide/recupero-crediti-edilizia-2.jpg","1600x900 (16:9)","Verbale di fine lavori firmato dal committente senza riserve"
"copertina","difetti-costruttivi-casa-nuova","Privati","Difetti costruttivi in una casa nuova: cosa puoi pretendere e quanto tempo hai","difetti-costruttivi-casa-nuova-cover.jpg","public/images/guide/difetti-costruttivi-casa-nuova-cover.jpg","1600x900 (16:9)","Crepa su una parete perimetrale di un appartamento nuovo, con macchia di umidità"
"interna","difetti-costruttivi-casa-nuova","Privati","Difetti costruttivi in una casa nuova: cosa puoi pretendere e quanto tempo hai","difetti-costruttivi-casa-nuova-1.jpg","public/images/guide/difetti-costruttivi-casa-nuova-1.jpg","1600x900 (16:9)","Crepa su una parete perimetrale di un appartamento nuovo, con macchia di umidità"
"interna","difetti-costruttivi-casa-nuova","Privati","Difetti costruttivi in una casa nuova: cosa puoi pretendere e quanto tempo hai","difetti-costruttivi-casa-nuova-2.jpg","public/images/guide/difetti-costruttivi-casa-nuova-2.jpg","1600x900 (16:9)","Tecnico che esegue un rilievo con termocamera in un appartamento"
"copertina","annullare-contratto-impresa-edile","Privati","Come annullare un contratto con un'azienda edile: le cinque strade e quale scegliere","annullare-contratto-impresa-edile-cover.jpg","public/images/guide/annullare-contratto-impresa-edile-cover.jpg","1600x900 (16:9)","Contratto di ristrutturazione firmato sul tavolo di casa, con il plico dei documenti"
"interna","annullare-contratto-impresa-edile","Privati","Come annullare un contratto con un'azienda edile: le cinque strade e quale scegliere","annullare-contratto-impresa-edile-1.jpg","public/images/guide/annullare-contratto-impresa-edile-1.jpg","1600x900 (16:9)","Contratto di ristrutturazione firmato sul tavolo di casa, con il plico dei documenti"
"interna","annullare-contratto-impresa-edile","Privati","Come annullare un contratto con un'azienda edile: le cinque strade e quale scegliere","annullare-contratto-impresa-edile-2.jpg","public/images/guide/annullare-contratto-impresa-edile-2.jpg","1600x900 (16:9)","Appartamento vuoto prima dell'inizio dei lavori"
"copertina","accertamento-superbonus-imprese","Tributario","Accertamento Superbonus all'impresa: come si costruisce la difesa","accertamento-superbonus-imprese-cover.jpg","public/images/guide/accertamento-superbonus-imprese-cover.jpg","1600x900 (16:9)","Ponteggio su un condominio con cappotto termico in lavorazione"
"interna","accertamento-superbonus-imprese","Tributario","Accertamento Superbonus all'impresa: come si costruisce la difesa","accertamento-superbonus-imprese-1.jpg","public/images/guide/accertamento-superbonus-imprese-1.jpg","1600x900 (16:9)","Ponteggio su un condominio con cappotto termico in lavorazione"
"interna","accertamento-superbonus-imprese","Tributario","Accertamento Superbonus all'impresa: come si costruisce la difesa","accertamento-superbonus-imprese-2.jpg","public/images/guide/accertamento-superbonus-imprese-2.jpg","1600x900 (16:9)","Atto di recupero dell'Agenzia delle Entrate con la data di notifica in evidenza"
"copertina","contratto-appalto-impresa","Imprese","Il contratto d'appalto che protegge l'impresa: le dodici clausole che contano","contratto-appalto-impresa-cover.jpg","public/images/guide/contratto-appalto-impresa-cover.jpg","1600x900 (16:9)","Contratto d'appalto sul tavolo, penna appoggiata sulla pagina delle clausole"
"interna","contratto-appalto-impresa","Imprese","Il contratto d'appalto che protegge l'impresa: le dodici clausole che contano","contratto-appalto-impresa-1.jpg","public/images/guide/contratto-appalto-impresa-1.jpg","1600x900 (16:9)","Contratto d'appalto sul tavolo, penna appoggiata sulla pagina delle clausole"
"interna","contratto-appalto-impresa","Imprese","Il contratto d'appalto che protegge l'impresa: le dodici clausole che contano","contratto-appalto-impresa-2.jpg","public/images/guide/contratto-appalto-impresa-2.jpg","1600x900 (16:9)","Due contratti a confronto, uno generico e uno con le clausole di tutela evidenziate"
"copertina","impresa-sparita-cantiere-abbandonato","Privati","L'impresa ha abbandonato il cantiere: i cinque passi nell'ordine giusto","impresa-sparita-cantiere-abbandonato-cover.jpg","public/images/guide/impresa-sparita-cantiere-abbandonato-cover.jpg","1600x900 (16:9)","Cantiere domestico abbandonato: impianti a metà, materiali fermi, nessun operaio"
"interna","impresa-sparita-cantiere-abbandonato","Privati","L'impresa ha abbandonato il cantiere: i cinque passi nell'ordine giusto","impresa-sparita-cantiere-abbandonato-1.jpg","public/images/guide/impresa-sparita-cantiere-abbandonato-1.jpg","1600x900 (16:9)","Cantiere domestico abbandonato: impianti a metà, materiali fermi, nessun operaio"
"interna","impresa-sparita-cantiere-abbandonato","Privati","L'impresa ha abbandonato il cantiere: i cinque passi nell'ordine giusto","impresa-sparita-cantiere-abbandonato-2.jpg","public/images/guide/impresa-sparita-cantiere-abbandonato-2.jpg","1600x900 (16:9)","Tecnico che redige il rilievo dello stato dei luoghi con macchina fotografica e metro"
"copertina","sal-non-pagato","Imprese","SAL non pagato: posso sospendere i lavori senza rischiare?","sal-non-pagato-cover.jpg","public/images/guide/sal-non-pagato-cover.jpg","1600x900 (16:9)","Cantiere con lavorazioni a metà e materiali accatastati, fermo"
"interna","sal-non-pagato","Imprese","SAL non pagato: posso sospendere i lavori senza rischiare?","sal-non-pagato-1.jpg","public/images/guide/sal-non-pagato-1.jpg","1600x900 (16:9)","Cantiere con lavorazioni a metà e materiali accatastati, fermo"
"interna","sal-non-pagato","Imprese","SAL non pagato: posso sospendere i lavori senza rischiare?","sal-non-pagato-2.jpg","public/images/guide/sal-non-pagato-2.jpg","1600x900 (16:9)","PEC di costituzione in mora stampata, con il termine evidenziato"
"copertina","subappaltatore-non-pagato","Imprese","Subappaltatore non pagato: perché l'art. 1676 non ti serve e cosa funziona davvero","subappaltatore-non-pagato-cover.jpg","public/images/guide/subappaltatore-non-pagato-cover.jpg","1600x900 (16:9)","Struttura metallica montata in cantiere da un'impresa subappaltatrice"
"interna","subappaltatore-non-pagato","Imprese","Subappaltatore non pagato: perché l'art. 1676 non ti serve e cosa funziona davvero","subappaltatore-non-pagato-1.jpg","public/images/guide/subappaltatore-non-pagato-1.jpg","1600x900 (16:9)","Struttura metallica montata in cantiere da un'impresa subappaltatrice"
"interna","subappaltatore-non-pagato","Imprese","Subappaltatore non pagato: perché l'art. 1676 non ti serve e cosa funziona davvero","subappaltatore-non-pagato-2.jpg","public/images/guide/subappaltatore-non-pagato-2.jpg","1600x900 (16:9)","Contratto di subappalto aperto sulla clausola dei pagamenti"
"copertina","committente-contesta-i-lavori","Imprese","Il cliente contesta i lavori per non pagare: come si smonta la contestazione pretestuosa","committente-contesta-i-lavori-cover.jpg","public/images/guide/committente-contesta-i-lavori-cover.jpg","1600x900 (16:9)","Dettaglio di una finitura contestata, con metro e livella appoggiati"
"interna","committente-contesta-i-lavori","Imprese","Il cliente contesta i lavori per non pagare: come si smonta la contestazione pretestuosa","committente-contesta-i-lavori-1.jpg","public/images/guide/committente-contesta-i-lavori-1.jpg","1600x900 (16:9)","Dettaglio di una finitura contestata, con metro e livella appoggiati"
"interna","committente-contesta-i-lavori","Imprese","Il cliente contesta i lavori per non pagare: come si smonta la contestazione pretestuosa","committente-contesta-i-lavori-2.jpg","public/images/guide/committente-contesta-i-lavori-2.jpg","1600x900 (16:9)","Verbale di consegna dei lavori firmato, in primo piano la riga delle riserve"
"copertina","durc-irregolare","Imprese","DURC irregolare: come sbloccare pagamenti e gare prima che sia tardi","durc-irregolare-cover.jpg","public/images/guide/durc-irregolare-cover.jpg","1600x900 (16:9)","Cantiere fermo con nastro di delimitazione e mezzi inattivi"
"interna","durc-irregolare","Imprese","DURC irregolare: come sbloccare pagamenti e gare prima che sia tardi","durc-irregolare-1.jpg","public/images/guide/durc-irregolare-1.jpg","1600x900 (16:9)","Cantiere fermo con nastro di delimitazione e mezzi inattivi"
"interna","durc-irregolare","Imprese","DURC irregolare: come sbloccare pagamenti e gare prima che sia tardi","durc-irregolare-2.jpg","public/images/guide/durc-irregolare-2.jpg","1600x900 (16:9)","Preavviso di accertamento negativo con la data di ricezione in evidenza"
"copertina","varianti-in-corso-opera","Imprese","Lavori extra ordinati a voce dal direttore lavori: si possono farsi pagare?","varianti-in-corso-opera-cover.jpg","public/images/guide/varianti-in-corso-opera-cover.jpg","1600x900 (16:9)","Direttore dei lavori e capocantiere davanti a una traccia aperta nel muro"
"interna","varianti-in-corso-opera","Imprese","Lavori extra ordinati a voce dal direttore lavori: si possono farsi pagare?","varianti-in-corso-opera-1.jpg","public/images/guide/varianti-in-corso-opera-1.jpg","1600x900 (16:9)","Direttore dei lavori e capocantiere davanti a una traccia aperta nel muro"
"interna","varianti-in-corso-opera","Imprese","Lavori extra ordinati a voce dal direttore lavori: si possono farsi pagare?","varianti-in-corso-opera-2.jpg","public/images/guide/varianti-in-corso-opera-2.jpg","1600x900 (16:9)","Giornale dei lavori aperto, con l'annotazione della lavorazione e la firma del DL"
"copertina","ritenuta-a-garanzia","Imprese","Ritenuta a garanzia non svincolata: come farsi restituire il 5% trattenuto","ritenuta-a-garanzia-cover.jpg","public/images/guide/ritenuta-a-garanzia-cover.jpg","1600x900 (16:9)","Registro dei SAL con le trattenute evidenziate cantiere per cantiere"
"interna","ritenuta-a-garanzia","Imprese","Ritenuta a garanzia non svincolata: come farsi restituire il 5% trattenuto","ritenuta-a-garanzia-1.jpg","public/images/guide/ritenuta-a-garanzia-1.jpg","1600x900 (16:9)","Registro dei SAL con le trattenute evidenziate cantiere per cantiere"
"interna","ritenuta-a-garanzia","Imprese","Ritenuta a garanzia non svincolata: come farsi restituire il 5% trattenuto","ritenuta-a-garanzia-2.jpg","public/images/guide/ritenuta-a-garanzia-2.jpg","1600x900 (16:9)","Calendario con le date di fine garanzia dei cantieri chiusi"
"copertina","reverse-charge-edilizia","Tributario","Reverse charge applicato male in edilizia: quali sanzioni rischi e come si esce","reverse-charge-edilizia-cover.jpg","public/images/guide/reverse-charge-edilizia-cover.jpg","1600x900 (16:9)","Fatture di subappalto impilate sulla scrivania di un ufficio tecnico"
"interna","reverse-charge-edilizia","Tributario","Reverse charge applicato male in edilizia: quali sanzioni rischi e come si esce","reverse-charge-edilizia-1.jpg","public/images/guide/reverse-charge-edilizia-1.jpg","1600x900 (16:9)","Fatture di subappalto impilate sulla scrivania di un ufficio tecnico"
"interna","reverse-charge-edilizia","Tributario","Reverse charge applicato male in edilizia: quali sanzioni rischi e come si esce","reverse-charge-edilizia-2.jpg","public/images/guide/reverse-charge-edilizia-2.jpg","1600x900 (16:9)","Cantiere misto con prestazioni di servizi e forniture con posa in opera"
"copertina","opposizione-decreto-ingiuntivo-impresa-edile","Privati","Decreto ingiuntivo dall'impresa edile: hai 40 giorni, ecco cosa fare","opposizione-decreto-ingiuntivo-impresa-edile-cover.jpg","public/images/guide/opposizione-decreto-ingiuntivo-impresa-edile-cover.jpg","1600x900 (16:9)","Decreto ingiuntivo notificato, con la data di notifica cerchiata"
"interna","opposizione-decreto-ingiuntivo-impresa-edile","Privati","Decreto ingiuntivo dall'impresa edile: hai 40 giorni, ecco cosa fare","opposizione-decreto-ingiuntivo-impresa-edile-1.jpg","public/images/guide/opposizione-decreto-ingiuntivo-impresa-edile-1.jpg","1600x900 (16:9)","Decreto ingiuntivo notificato, con la data di notifica cerchiata"
"interna","opposizione-decreto-ingiuntivo-impresa-edile","Privati","Decreto ingiuntivo dall'impresa edile: hai 40 giorni, ecco cosa fare","opposizione-decreto-ingiuntivo-impresa-edile-2.jpg","public/images/guide/opposizione-decreto-ingiuntivo-impresa-edile-2.jpg","1600x900 (16:9)","Pavimento che suona a vuoto, verificato con battitura durante un sopralluogo"
"copertina","preventivo-sforato","Privati","Il preventivo è raddoppiato: devo pagare i lavori extra che non ho autorizzato?","preventivo-sforato-cover.jpg","public/images/guide/preventivo-sforato-cover.jpg","1600x900 (16:9)","Preventivo e fattura finale affiancati, con le voci divergenti evidenziate"
"interna","preventivo-sforato","Privati","Il preventivo è raddoppiato: devo pagare i lavori extra che non ho autorizzato?","preventivo-sforato-1.jpg","public/images/guide/preventivo-sforato-1.jpg","1600x900 (16:9)","Preventivo e fattura finale affiancati, con le voci divergenti evidenziate"
"interna","preventivo-sforato","Privati","Il preventivo è raddoppiato: devo pagare i lavori extra che non ho autorizzato?","preventivo-sforato-2.jpg","public/images/guide/preventivo-sforato-2.jpg","1600x900 (16:9)","Ristrutturazione in corso in un appartamento, con lavorazioni aggiuntive in vista"
"copertina","ritardo-consegna-lavori","Privati","Ritardo nella consegna: come si calcola la penale e cosa puoi chiedere in più","ritardo-consegna-lavori-cover.jpg","public/images/guide/ritardo-consegna-lavori-cover.jpg","1600x900 (16:9)","Calendario di cantiere con la data di consegna pattuita superata"
"interna","ritardo-consegna-lavori","Privati","Ritardo nella consegna: come si calcola la penale e cosa puoi chiedere in più","ritardo-consegna-lavori-1.jpg","public/images/guide/ritardo-consegna-lavori-1.jpg","1600x900 (16:9)","Calendario di cantiere con la data di consegna pattuita superata"
"interna","ritardo-consegna-lavori","Privati","Ritardo nella consegna: come si calcola la penale e cosa puoi chiedere in più","ritardo-consegna-lavori-2.jpg","public/images/guide/ritardo-consegna-lavori-2.jpg","1600x900 (16:9)","Cronoprogramma dei lavori con le sospensioni annotate"
"copertina","infissi-montati-male","Verticali","Infissi montati male: spifferi, condensa e la detrazione che rischi di perdere","infissi-montati-male-cover.jpg","public/images/guide/infissi-montati-male-cover.jpg","1600x900 (16:9)","Condensa e muffa sul contorno murario di una finestra nuova"
"interna","infissi-montati-male","Verticali","Infissi montati male: spifferi, condensa e la detrazione che rischi di perdere","infissi-montati-male-1.jpg","public/images/guide/infissi-montati-male-1.jpg","1600x900 (16:9)","Condensa e muffa sul contorno murario di una finestra nuova"
"interna","infissi-montati-male","Verticali","Infissi montati male: spifferi, condensa e la detrazione che rischi di perdere","infissi-montati-male-2.jpg","public/images/guide/infissi-montati-male-2.jpg","1600x900 (16:9)","Termografia di un nodo di posa che evidenzia le dispersioni"
"copertina","fotovoltaico-non-produce","Verticali","Il fotovoltaico non produce quanto promesso: cosa puoi chiedere davvero","fotovoltaico-non-produce-cover.jpg","public/images/guide/fotovoltaico-non-produce-cover.jpg","1600x900 (16:9)","Impianto fotovoltaico su tetto a falda, con ombreggiamento parziale del camino"
"interna","fotovoltaico-non-produce","Verticali","Il fotovoltaico non produce quanto promesso: cosa puoi chiedere davvero","fotovoltaico-non-produce-1.jpg","public/images/guide/fotovoltaico-non-produce-1.jpg","1600x900 (16:9)","Impianto fotovoltaico su tetto a falda, con ombreggiamento parziale del camino"
"interna","fotovoltaico-non-produce","Verticali","Il fotovoltaico non produce quanto promesso: cosa puoi chiedere davvero","fotovoltaico-non-produce-2.jpg","public/images/guide/fotovoltaico-non-produce-2.jpg","1600x900 (16:9)","Macchia di infiltrazione sul soffitto della mansarda in corrispondenza dei fissaggi"
"copertina","recesso-contratto-fotovoltaico","Verticali","Contratto fotovoltaico firmato a casa: puoi annullarlo fino a 12 mesi dopo","recesso-contratto-fotovoltaico-cover.jpg","public/images/guide/recesso-contratto-fotovoltaico-cover.jpg","1600x900 (16:9)","Plico contrattuale del fotovoltaico firmato in casa, senza modulo di recesso"
"interna","recesso-contratto-fotovoltaico","Verticali","Contratto fotovoltaico firmato a casa: puoi annullarlo fino a 12 mesi dopo","recesso-contratto-fotovoltaico-1.jpg","public/images/guide/recesso-contratto-fotovoltaico-1.jpg","1600x900 (16:9)","Plico contrattuale del fotovoltaico firmato in casa, senza modulo di recesso"
"interna","recesso-contratto-fotovoltaico","Verticali","Contratto fotovoltaico firmato a casa: puoi annullarlo fino a 12 mesi dopo","recesso-contratto-fotovoltaico-2.jpg","public/images/guide/recesso-contratto-fotovoltaico-2.jpg","1600x900 (16:9)","Pannelli già installati sul tetto di un'abitazione"
"copertina","cappotto-termico-difettoso","Verticali","Il cappotto termico si stacca: chi paga tra impresa, progettista e direttore dei lavori","cappotto-termico-difettoso-cover.jpg","public/images/guide/cappotto-termico-difettoso-cover.jpg","1600x900 (16:9)","Distacco della rasatura di un cappotto termico su un prospetto condominiale"
"interna","cappotto-termico-difettoso","Verticali","Il cappotto termico si stacca: chi paga tra impresa, progettista e direttore dei lavori","cappotto-termico-difettoso-1.jpg","public/images/guide/cappotto-termico-difettoso-1.jpg","1600x900 (16:9)","Distacco della rasatura di un cappotto termico su un prospetto condominiale"
"interna","cappotto-termico-difettoso","Verticali","Il cappotto termico si stacca: chi paga tra impresa, progettista e direttore dei lavori","cappotto-termico-difettoso-2.jpg","public/images/guide/cappotto-termico-difettoso-2.jpg","1600x900 (16:9)","Frammenti di intonaco caduti sul marciapiede sotto la facciata"
"copertina","cucina-su-misura-difettosa","Verticali","Cucina su misura difettosa: il tuo contratto è vendita o appalto? Cambia tutto","cucina-su-misura-difettosa-cover.jpg","public/images/guide/cucina-su-misura-difettosa-cover.jpg","1600x900 (16:9)","Cucina appena consegnata con basi che non entrano nel vano murario"
"interna","cucina-su-misura-difettosa","Verticali","Cucina su misura difettosa: il tuo contratto è vendita o appalto? Cambia tutto","cucina-su-misura-difettosa-1.jpg","public/images/guide/cucina-su-misura-difettosa-1.jpg","1600x900 (16:9)","Cucina appena consegnata con basi che non entrano nel vano murario"
"interna","cucina-su-misura-difettosa","Verticali","Cucina su misura difettosa: il tuo contratto è vendita o appalto? Cambia tutto","cucina-su-misura-difettosa-2.jpg","public/images/guide/cucina-su-misura-difettosa-2.jpg","1600x900 (16:9)","Documento di trasporto firmato con la riserva scritta a mano"
"copertina","terrazzo-infiltrazioni","Verticali","Il terrazzo rifatto perde ancora: chi paga tra impresa, condominio e proprietario","terrazzo-infiltrazioni-cover.jpg","public/images/guide/terrazzo-infiltrazioni-cover.jpg","1600x900 (16:9)","Macchia di umidità sul soffitto dell'appartamento sotto una terrazza a livello"
"interna","terrazzo-infiltrazioni","Verticali","Il terrazzo rifatto perde ancora: chi paga tra impresa, condominio e proprietario","terrazzo-infiltrazioni-1.jpg","public/images/guide/terrazzo-infiltrazioni-1.jpg","1600x900 (16:9)","Macchia di umidità sul soffitto dell'appartamento sotto una terrazza a livello"
"interna","terrazzo-infiltrazioni","Verticali","Il terrazzo rifatto perde ancora: chi paga tra impresa, condominio e proprietario","terrazzo-infiltrazioni-2.jpg","public/images/guide/terrazzo-infiltrazioni-2.jpg","1600x900 (16:9)","Guaina impermeabilizzante con raccordo non risvoltato in corrispondenza della soglia"
"copertina","pompa-di-calore-non-scalda","Verticali","La pompa di calore non scalda: quando è un errore di dimensionamento e chi ne risponde","pompa-di-calore-non-scalda-cover.jpg","public/images/guide/pompa-di-calore-non-scalda-cover.jpg","1600x900 (16:9)","Unità esterna di pompa di calore installata accanto a una villetta non isolata"
"interna","pompa-di-calore-non-scalda","Verticali","La pompa di calore non scalda: quando è un errore di dimensionamento e chi ne risponde","pompa-di-calore-non-scalda-1.jpg","public/images/guide/pompa-di-calore-non-scalda-1.jpg","1600x900 (16:9)","Unità esterna di pompa di calore installata accanto a una villetta non isolata"
"interna","pompa-di-calore-non-scalda","Verticali","La pompa di calore non scalda: quando è un errore di dimensionamento e chi ne risponde","pompa-di-calore-non-scalda-2.jpg","public/images/guide/pompa-di-calore-non-scalda-2.jpg","1600x900 (16:9)","Materiale commerciale con la promessa di risparmio in bolletta"
"copertina","piscina-difetti-costruttore","Verticali","La piscina perde acqua: hai dieci anni di garanzia, non due","piscina-difetti-costruttore-cover.jpg","public/images/guide/piscina-difetti-costruttore-cover.jpg","1600x900 (16:9)","Piscina interrata in cemento armato con fessurazione verticale sulla parete"
"interna","piscina-difetti-costruttore","Verticali","La piscina perde acqua: hai dieci anni di garanzia, non due","piscina-difetti-costruttore-1.jpg","public/images/guide/piscina-difetti-costruttore-1.jpg","1600x900 (16:9)","Piscina interrata in cemento armato con fessurazione verticale sulla parete"
"interna","piscina-difetti-costruttore","Verticali","La piscina perde acqua: hai dieci anni di garanzia, non due","piscina-difetti-costruttore-2.jpg","public/images/guide/piscina-difetti-costruttore-2.jpg","1600x900 (16:9)","Test di tenuta con misurazione dell'abbassamento del livello dell'acqua"
"copertina","differenza-1667-1669","Privati","Differenza tra art. 1667 e art. 1669 del codice civile: la tabella che chiarisce tutto","differenza-1667-1669-cover.jpg","public/images/guide/differenza-1667-1669-cover.jpg","1600x900 (16:9)","Parete di un soggiorno con una crepa verticale che attraversa l'intonaco dal soffitto al battiscopa, luce radente"
"interna","differenza-1667-1669","Privati","Differenza tra art. 1667 e art. 1669 del codice civile: la tabella che chiarisce tutto","differenza-1667-1669-1.jpg","public/images/guide/differenza-1667-1669-1.jpg","1600x900 (16:9)","Parete di un soggiorno con una crepa verticale che attraversa l'intonaco dal soffitto al battiscopa, luce radente"
"interna","differenza-1667-1669","Privati","Differenza tra art. 1667 e art. 1669 del codice civile: la tabella che chiarisce tutto","differenza-1667-1669-2.jpg","public/images/guide/differenza-1667-1669-2.jpg","1600x900 (16:9)","Tecnico con termocamera e taccuino rileva una macchia di umidità sul soffitto di una camera da letto"
"copertina","quanto-costa-causa-costruttore","Privati","Quanto costa davvero fare causa a un costruttore","quanto-costa-causa-costruttore-cover.jpg","public/images/guide/quanto-costa-causa-costruttore-cover.jpg","1600x900 (16:9)","Scrivania con un preventivo legale dettagliato per fasi, una calcolatrice e il fascicolo di una perizia tecnica"
"interna","quanto-costa-causa-costruttore","Privati","Quanto costa davvero fare causa a un costruttore","quanto-costa-causa-costruttore-1.jpg","public/images/guide/quanto-costa-causa-costruttore-1.jpg","1600x900 (16:9)","Scrivania con un preventivo legale dettagliato per fasi, una calcolatrice e il fascicolo di una perizia tecnica"
"interna","quanto-costa-causa-costruttore","Privati","Quanto costa davvero fare causa a un costruttore","quanto-costa-causa-costruttore-2.jpg","public/images/guide/quanto-costa-causa-costruttore-2.jpg","1600x900 (16:9)","Computo metrico stampato con le voci di ripristino di una copertura, evidenziate con marcatore"
"copertina","accertamento-tecnico-preventivo","Privati","Accertamento tecnico preventivo: perché conviene farlo per primi","accertamento-tecnico-preventivo-cover.jpg","public/images/guide/accertamento-tecnico-preventivo-cover.jpg","1600x900 (16:9)","Sopralluogo peritale in un appartamento: consulente con metro laser e macchina fotografica, due tecnici di parte prendono appunti"
"interna","accertamento-tecnico-preventivo","Privati","Accertamento tecnico preventivo: perché conviene farlo per primi","accertamento-tecnico-preventivo-1.jpg","public/images/guide/accertamento-tecnico-preventivo-1.jpg","1600x900 (16:9)","Sopralluogo peritale in un appartamento: consulente con metro laser e macchina fotografica, due tecnici di parte prendono appunti"
"interna","accertamento-tecnico-preventivo","Privati","Accertamento tecnico preventivo: perché conviene farlo per primi","accertamento-tecnico-preventivo-2.jpg","public/images/guide/accertamento-tecnico-preventivo-2.jpg","1600x900 (16:9)","Saggio esplorativo su un solaio: porzione di massetto rimossa che mostra la stratigrafia e la guaina impermeabilizzante"
"copertina","superbonus-recupero-agenzia-privato","Privati","Superbonus: l'Agenzia chiede i soldi a me, che sono solo il proprietario","superbonus-recupero-agenzia-privato-cover.jpg","public/images/guide/superbonus-recupero-agenzia-privato-cover.jpg","1600x900 (16:9)","Busta dell'Agenzia delle Entrate aperta sul tavolo di casa accanto al fascicolo dei lavori e alle asseverazioni"
"interna","superbonus-recupero-agenzia-privato","Privati","Superbonus: l'Agenzia chiede i soldi a me, che sono solo il proprietario","superbonus-recupero-agenzia-privato-1.jpg","public/images/guide/superbonus-recupero-agenzia-privato-1.jpg","1600x900 (16:9)","Busta dell'Agenzia delle Entrate aperta sul tavolo di casa accanto al fascicolo dei lavori e alle asseverazioni"
"interna","superbonus-recupero-agenzia-privato","Privati","Superbonus: l'Agenzia chiede i soldi a me, che sono solo il proprietario","superbonus-recupero-agenzia-privato-2.jpg","public/images/guide/superbonus-recupero-agenzia-privato-2.jpg","1600x900 (16:9)","Tabella comparativa stampata con le date delle asseverazioni, delle fatture e dei bonifici affiancate"
"copertina","ordinanza-demolizione-cosa-fare","Privati","Ordinanza di demolizione: cosa fare nei primi trenta giorni","ordinanza-demolizione-cosa-fare-cover.jpg","public/images/guide/ordinanza-demolizione-cosa-fare-cover.jpg","1600x900 (16:9)","Ordinanza comunale di demolizione con la relata di notifica in evidenza, accanto a un calendario"
"interna","ordinanza-demolizione-cosa-fare","Privati","Ordinanza di demolizione: cosa fare nei primi trenta giorni","ordinanza-demolizione-cosa-fare-1.jpg","public/images/guide/ordinanza-demolizione-cosa-fare-1.jpg","1600x900 (16:9)","Ordinanza comunale di demolizione con la relata di notifica in evidenza, accanto a un calendario"
"interna","ordinanza-demolizione-cosa-fare","Privati","Ordinanza di demolizione: cosa fare nei primi trenta giorni","ordinanza-demolizione-cosa-fare-2.jpg","public/images/guide/ordinanza-demolizione-cosa-fare-2.jpg","1600x900 (16:9)","Tecnico che misura una veranda chiusa confrontando il rilievo con i grafici allegati al permesso di costruire"
"copertina","iscrizione-riserve-appalto","Imprese","Iscrizione delle riserve: come non perdere il diritto ai maggiori compensi","iscrizione-riserve-appalto-cover.jpg","public/images/guide/iscrizione-riserve-appalto-cover.jpg","1600x900 (16:9)","Registro di contabilità di cantiere aperto con la firma dell'impresa e l'annotazione manoscritta con riserva"
"interna","iscrizione-riserve-appalto","Imprese","Iscrizione delle riserve: come non perdere il diritto ai maggiori compensi","iscrizione-riserve-appalto-1.jpg","public/images/guide/iscrizione-riserve-appalto-1.jpg","1600x900 (16:9)","Registro di contabilità di cantiere aperto con la firma dell'impresa e l'annotazione manoscritta con riserva"
"interna","iscrizione-riserve-appalto","Imprese","Iscrizione delle riserve: come non perdere il diritto ai maggiori compensi","iscrizione-riserve-appalto-2.jpg","public/images/guide/iscrizione-riserve-appalto-2.jpg","1600x900 (16:9)","Tavolo di cantiere con il conto finale, la memoria di quantificazione delle riserve e una calcolatrice"
"copertina","contratto-subappalto-clausole","Imprese","Contratto di subappalto: le clausole che salvano l'artigiano","contratto-subappalto-clausole-cover.jpg","public/images/guide/contratto-subappalto-clausole-cover.jpg","1600x900 (16:9)","Artigiano con il contratto di subappalto in mano davanti a un cantiere con ponteggi montati"
"interna","contratto-subappalto-clausole","Imprese","Contratto di subappalto: le clausole che salvano l'artigiano","contratto-subappalto-clausole-1.jpg","public/images/guide/contratto-subappalto-clausole-1.jpg","1600x900 (16:9)","Artigiano con il contratto di subappalto in mano davanti a un cantiere con ponteggi montati"
"interna","contratto-subappalto-clausole","Imprese","Contratto di subappalto: le clausole che salvano l'artigiano","contratto-subappalto-clausole-2.jpg","public/images/guide/contratto-subappalto-clausole-2.jpg","1600x900 (16:9)","Pagina di contratto di subappalto con la clausola sui termini di pagamento evidenziata a pennarello"
"copertina","congruita-manodopera-durc","Imprese","Congruità della manodopera: come si giustifica un'incongruenza","congruita-manodopera-durc-cover.jpg","public/images/guide/congruita-manodopera-durc-cover.jpg","1600x900 (16:9)","Cantiere edile con squadra di operai al lavoro e cartello di cantiere in primo piano"
"interna","congruita-manodopera-durc","Imprese","Congruità della manodopera: come si giustifica un'incongruenza","congruita-manodopera-durc-1.jpg","public/images/guide/congruita-manodopera-durc-1.jpg","1600x900 (16:9)","Cantiere edile con squadra di operai al lavoro e cartello di cantiere in primo piano"
"interna","congruita-manodopera-durc","Imprese","Congruità della manodopera: come si giustifica un'incongruenza","congruita-manodopera-durc-2.jpg","public/images/guide/congruita-manodopera-durc-2.jpg","1600x900 (16:9)","Scrivania con fatture di forniture, contratti di nolo e prospetto di calcolo della congruità della manodopera"
"copertina","sospensione-illegittima-lavori","Imprese","Sospensione illegittima dei lavori: come si quantificano i maggiori oneri","sospensione-illegittima-lavori-cover.jpg","public/images/guide/sospensione-illegittima-lavori-cover.jpg","1600x900 (16:9)","Cantiere fermo con gru immobile e ponteggi montati, nessun operaio al lavoro"
"interna","sospensione-illegittima-lavori","Imprese","Sospensione illegittima dei lavori: come si quantificano i maggiori oneri","sospensione-illegittima-lavori-1.jpg","public/images/guide/sospensione-illegittima-lavori-1.jpg","1600x900 (16:9)","Cantiere fermo con gru immobile e ponteggi montati, nessun operaio al lavoro"
"interna","sospensione-illegittima-lavori","Imprese","Sospensione illegittima dei lavori: come si quantificano i maggiori oneri","sospensione-illegittima-lavori-2.jpg","public/images/guide/sospensione-illegittima-lavori-2.jpg","1600x900 (16:9)","Verbale di sospensione dei lavori compilato con l'elenco dei mezzi e delle maestranze presenti in cantiere"
"copertina","vizi-appalto-condominiale","Privati","Vizi nell'appalto condominiale: può agire anche il singolo condomino?","vizi-appalto-condominiale-cover.jpg","public/images/guide/vizi-appalto-condominiale-cover.jpg","1600x900 (16:9)","Facciata condominiale appena rifatta con distacchi di intonaco e macchie di umidità, con ponteggio smontato da poco"
"interna","vizi-appalto-condominiale","Privati","Vizi nell'appalto condominiale: può agire anche il singolo condomino?","vizi-appalto-condominiale-1.jpg","public/images/guide/vizi-appalto-condominiale-1.jpg","1600x900 (16:9)","Facciata condominiale appena rifatta con distacchi di intonaco e macchie di umidità, con ponteggio smontato da poco"
"interna","vizi-appalto-condominiale","Privati","Vizi nell'appalto condominiale: può agire anche il singolo condomino?","vizi-appalto-condominiale-2.jpg","public/images/guide/vizi-appalto-condominiale-2.jpg","1600x900 (16:9)","Verbale di assemblea condominiale aperto sul punto relativo alla contestazione dei lavori, con la relazione tecnica allegata"
"copertina","polizza-decennale-postuma","Privati","Il costruttore ha chiuso la società: come si attiva la polizza decennale postuma","polizza-decennale-postuma-cover.jpg","public/images/guide/polizza-decennale-postuma-cover.jpg","1600x900 (16:9)","Cartellina del rogito aperta sul tavolo con l'atto notarile e un fascicolo di polizza assicurativa allegato"
"interna","polizza-decennale-postuma","Privati","Il costruttore ha chiuso la società: come si attiva la polizza decennale postuma","polizza-decennale-postuma-1.jpg","public/images/guide/polizza-decennale-postuma-1.jpg","1600x900 (16:9)","Cartellina del rogito aperta sul tavolo con l'atto notarile e un fascicolo di polizza assicurativa allegato"
"interna","polizza-decennale-postuma","Privati","Il costruttore ha chiuso la società: come si attiva la polizza decennale postuma","polizza-decennale-postuma-2.jpg","public/images/guide/polizza-decennale-postuma-2.jpg","1600x900 (16:9)","Facciata di una palazzina recente con transenne e rete di protezione sotto un cornicione con intonaco distaccato"
"copertina","sconto-in-fattura-non-applicato","Privati","Sconto in fattura promesso e mai applicato: cosa si può fare","sconto-in-fattura-non-applicato-cover.jpg","public/images/guide/sconto-in-fattura-non-applicato-cover.jpg","1600x900 (16:9)","Contratto di appalto aperto sulla clausola dello sconto in fattura, accanto a una fattura emessa per l'intero importo"
"interna","sconto-in-fattura-non-applicato","Privati","Sconto in fattura promesso e mai applicato: cosa si può fare","sconto-in-fattura-non-applicato-1.jpg","public/images/guide/sconto-in-fattura-non-applicato-1.jpg","1600x900 (16:9)","Contratto di appalto aperto sulla clausola dello sconto in fattura, accanto a una fattura emessa per l'intero importo"
"interna","sconto-in-fattura-non-applicato","Privati","Sconto in fattura promesso e mai applicato: cosa si può fare","sconto-in-fattura-non-applicato-2.jpg","public/images/guide/sconto-in-fattura-non-applicato-2.jpg","1600x900 (16:9)","Facciata con cappotto termico posato solo su una porzione e ponteggio ancora montato"
"copertina","tetto-rifatto-infiltrazioni","Verticali","Il tetto rifatto infiltra ancora: garanzia e responsabilità","tetto-rifatto-infiltrazioni-cover.jpg","public/images/guide/tetto-rifatto-infiltrazioni-cover.jpg","1600x900 (16:9)","Falda di tetto rifatto vista dall'alto: manto in tegole, camino con risvolto della guaina e lucernario"
"interna","tetto-rifatto-infiltrazioni","Verticali","Il tetto rifatto infiltra ancora: garanzia e responsabilità","tetto-rifatto-infiltrazioni-1.jpg","public/images/guide/tetto-rifatto-infiltrazioni-1.jpg","1600x900 (16:9)","Falda di tetto rifatto vista dall'alto: manto in tegole, camino con risvolto della guaina e lucernario"
"interna","tetto-rifatto-infiltrazioni","Verticali","Il tetto rifatto infiltra ancora: garanzia e responsabilità","tetto-rifatto-infiltrazioni-2.jpg","public/images/guide/tetto-rifatto-infiltrazioni-2.jpg","1600x900 (16:9)","Sottotetto con isolante bagnato e macchia di infiltrazione sul cartongesso, illuminato da una torcia"
"copertina","parquet-posato-male","Verticali","Parquet posato male che si solleva: prodotto o posa?","parquet-posato-male-cover.jpg","public/images/guide/parquet-posato-male-cover.jpg","1600x900 (16:9)","Doghe di parquet sollevate al centro della stanza con fughe aperte e battiscopa staccato"
"interna","parquet-posato-male","Verticali","Parquet posato male che si solleva: prodotto o posa?","parquet-posato-male-1.jpg","public/images/guide/parquet-posato-male-1.jpg","1600x900 (16:9)","Doghe di parquet sollevate al centro della stanza con fughe aperte e battiscopa staccato"
"interna","parquet-posato-male","Verticali","Parquet posato male che si solleva: prodotto o posa?","parquet-posato-male-2.jpg","public/images/guide/parquet-posato-male-2.jpg","1600x900 (16:9)","Tecnico che preleva un campione di massetto per la prova dell'umidità con il metodo al carburo di calcio"
"copertina","mediazione-obbligatoria-edilizia","Privati","Mediazione obbligatoria nelle controversie edilizie: come funziona davvero","mediazione-obbligatoria-edilizia-cover.jpg","public/images/guide/mediazione-obbligatoria-edilizia-cover.jpg","1600x900 (16:9)","Tavolo di mediazione con due parti sedute ai lati, i rispettivi avvocati e il mediatore al centro"
"interna","mediazione-obbligatoria-edilizia","Privati","Mediazione obbligatoria nelle controversie edilizie: come funziona davvero","mediazione-obbligatoria-edilizia-1.jpg","public/images/guide/mediazione-obbligatoria-edilizia-1.jpg","1600x900 (16:9)","Tavolo di mediazione con due parti sedute ai lati, i rispettivi avvocati e il mediatore al centro"
"interna","mediazione-obbligatoria-edilizia","Privati","Mediazione obbligatoria nelle controversie edilizie: come funziona davvero","mediazione-obbligatoria-edilizia-2.jpg","public/images/guide/mediazione-obbligatoria-edilizia-2.jpg","1600x900 (16:9)","Verbale di mediazione sul tavolo con la relazione tecnica di parte e le fotografie dei difetti"
"copertina","quanto-dura-causa-difetti","Privati","Quanto dura una causa per difetti costruttivi in Italia","quanto-dura-causa-difetti-cover.jpg","public/images/guide/quanto-dura-causa-difetti-cover.jpg","1600x900 (16:9)","Fascicolo processuale voluminoso su una scrivania di tribunale, con faldoni e perizie tecniche"
"interna","quanto-dura-causa-difetti","Privati","Quanto dura una causa per difetti costruttivi in Italia","quanto-dura-causa-difetti-1.jpg","public/images/guide/quanto-dura-causa-difetti-1.jpg","1600x900 (16:9)","Fascicolo processuale voluminoso su una scrivania di tribunale, con faldoni e perizie tecniche"
"interna","quanto-dura-causa-difetti","Privati","Quanto dura una causa per difetti costruttivi in Italia","quanto-dura-causa-difetti-2.jpg","public/images/guide/quanto-dura-causa-difetti-2.jpg","1600x900 (16:9)","Consulente tecnico d'ufficio che esegue un saggio su una parete durante un sopralluogo peritale, con i tecnici di parte presenti"
"copertina","contenzioso-ristrutturazione","Privati","Contenzioso da ristrutturazione: la mappa completa delle contestazioni","contenzioso-ristrutturazione-cover.jpg","public/images/guide/contenzioso-ristrutturazione-cover.jpg","1600x900 (16:9)","Appartamento in ristrutturazione a lavori fermi: pavimento sventrato, tracce impiantistiche aperte nei muri e materiali accatastati"
"interna","contenzioso-ristrutturazione","Privati","Contenzioso da ristrutturazione: la mappa completa delle contestazioni","contenzioso-ristrutturazione-1.jpg","public/images/guide/contenzioso-ristrutturazione-1.jpg","1600x900 (16:9)","Appartamento in ristrutturazione a lavori fermi: pavimento sventrato, tracce impiantistiche aperte nei muri e materiali accatastati"
"interna","contenzioso-ristrutturazione","Privati","Contenzioso da ristrutturazione: la mappa completa delle contestazioni","contenzioso-ristrutturazione-2.jpg","public/images/guide/contenzioso-ristrutturazione-2.jpg","1600x900 (16:9)","Tecnico con termocamera e umidimetro che documenta una macchia di infiltrazione sul soffitto di un bagno ristrutturato"
"copertina","contenzioso-serramenti","Verticali","Contenzioso sui serramenti: chi risponde, in che termini, con quali prove","contenzioso-serramenti-cover.jpg","public/images/guide/contenzioso-serramenti-cover.jpg","1600x900 (16:9)","Dettaglio del nodo di posa di una finestra: telaio, controtelaio e nastro di tenuta interno interrotto in corrispondenza dell'angolo"
"interna","contenzioso-serramenti","Verticali","Contenzioso sui serramenti: chi risponde, in che termini, con quali prove","contenzioso-serramenti-1.jpg","public/images/guide/contenzioso-serramenti-1.jpg","1600x900 (16:9)","Dettaglio del nodo di posa di una finestra: telaio, controtelaio e nastro di tenuta interno interrotto in corrispondenza dell'angolo"
"interna","contenzioso-serramenti","Verticali","Contenzioso sui serramenti: chi risponde, in che termini, con quali prove","contenzioso-serramenti-2.jpg","public/images/guide/contenzioso-serramenti-2.jpg","1600x900 (16:9)","Immagine termografica di una finestra con la fascia fredda continua lungo il perimetro del telaio e l'angolo inferiore in evidenza"
"copertina","contenzioso-fotovoltaico","Verticali","Contenzioso fotovoltaico: le cinque cause più frequenti e come si affrontano","contenzioso-fotovoltaico-cover.jpg","public/images/guide/contenzioso-fotovoltaico-cover.jpg","1600x900 (16:9)","Tetto a falda in tegole con moduli fotovoltaici installati e staffe di fissaggio in vista, fotografato dall'alto in una giornata limpida"
"interna","contenzioso-fotovoltaico","Verticali","Contenzioso fotovoltaico: le cinque cause più frequenti e come si affrontano","contenzioso-fotovoltaico-1.jpg","public/images/guide/contenzioso-fotovoltaico-1.jpg","1600x900 (16:9)","Tetto a falda in tegole con moduli fotovoltaici installati e staffe di fissaggio in vista, fotografato dall'alto in una giornata limpida"
"interna","contenzioso-fotovoltaico","Verticali","Contenzioso fotovoltaico: le cinque cause più frequenti e come si affrontano","contenzioso-fotovoltaico-2.jpg","public/images/guide/contenzioso-fotovoltaico-2.jpg","1600x900 (16:9)","Schermata del portale di monitoraggio dell'inverter con il grafico della produzione mensile, affiancata al prospetto cartaceo di producibilità consegnato alla firma"
